"","Output","r2_1","MAE_1","RMSE_1","r2_2","MAE_2","RMSE_2","r2_3","MAE_3","RMSE_3","r2_4","MAE_4","RMSE_4"
"1","Biomass_C",0.403125066914881,213.237988571907,245.60855783896,0.989107482596412,3.52785535998759,4.3368145001138,0.991597066321854,4.02543763854348,4.76378864274075,0.992035121668391,4.27428006230965,5.15071807343234
"2","Biomass_N",0.638218255349834,0.0355419090068267,0.0411332291016249,0.594628673085425,0.0857567103331331,0.0999989157030338,0.809335560594284,0.0296441423307379,0.0335364354368915,0.72957256688848,0.0421499320417617,0.0486745429254642
"3","SOM_C",0.897966392529922,219.645884678063,252.654039207493,0.990802932905701,45.3263451073263,51.7418352798023,0.991826141458471,95.2065659613582,109.631339880221,0.991815268181631,44.3511135420173,51.4439610969105
"4","SOM_N",0.999726034356826,0.264823189402361,0.305093577262996,0.999954590226792,0.0451624442952649,0.0534334226158246,0.999979056192878,0.0543931027270261,0.0632971350928211,0.999989266800549,0.0752708395150839,0.0866686070179206
"5","Available_N",0.786895139456739,0.0122651426784069,0.0182847220792598,0.978862956212608,0.0120020162756061,0.0161904936100497,0.872315917310864,0.00752484608974908,0.013667974998947,0.946903762209684,0.00558590694165492,0.00992875911189011
"6","NEE",0.999093586812772,0.0170427617495029,0.0250475508103191,0.994157644952888,0.0592872849348074,0.0740011283220045,0.992561013655133,0.138786791895511,0.165092656311732,0.986386402575642,0.0806766293435495,0.121716800052586
